{
  "strategy": "AtrSrsi3EmaStrategy",
  "timeframe": "5m",
  "genome": {
    "risk_reward_ratio": 0.8481630232824983,
    "atr_factor": 5.031520029685568,
    "investment_ratio": 0.5,
    "interval_tolerance": 9.599392782323672
  }
}
