{
  "strategy": "AtrSrsi3EmaStrategy",
  "timeframe": "10m",
  "parameters": {
    "max_open_positions": 2
  },
  "genome": {
    "risk_reward_ratio": 0.5051284993245375,
    "atr_factor": 5.989810260435078,
    "investment_ratio": 0.2,
    "interval_tolerance": 13.025899475376313,
    "first_ema_period": 12.993684384950459,
    "second_ema_period": 41.54823388996649,
    "third_ema_period": 106.70975401807752
  }
}
