{
  "strategy": "AtrSrsi3EmaStrategy",
  "timeframe": "10m",
  "parameters": {
    "max_open_positions": 2
  },
  "genome": {
    "risk_reward_ratio": 0.5,
    "atr_factor": 3.138218600587192,
    "investment_ratio": 0.2,
    "interval_tolerance": 8.828117331049034,
    "first_ema_period": 9.354834819622914,
    "second_ema_period": 40.04949709112786,
    "third_ema_period": 66.05508829304028
  }
}
