{
  "strategy": "MaSrsi3EmaStrategy",
  "timeframe": "10m",
  "parameters": {
    "max_open_positions": 2
  },
  "genome": {
    "risk_reward_ratio": 0.7561128074373549,
    "stop_loss_ema_period": 318.9723352821976,
    "investment_ratio": 0.2,
    "interval_tolerance": 9.55610227120902,
    "first_ema_period": 9.194837770554159,
    "second_ema_period": 31.919491894391737,
    "third_ema_period": 384.27143670347857
  }
}
